{"textures":{"0":"modelengine:entity/erius_fire","particle":"#0"},"elements":[{"from":[8.0,3.5,4.0],"to":[8.0,12.5,16.0],"faces":{"east":{"uv":[0.0,2.0,16.0,16.0],"tintindex":0,"rotation":0,"texture":"#0"},"south":{"uv":[0.0,0.0,16.0,16.0],"tintindex":0,"rotation":0,"texture":"#0"},"north":{"uv":[0.0,0.0,16.0,16.0],"tintindex":0,"rotation":0,"texture":"#0"},"west":{"uv":[16.0,2.0,0.0,16.0],"tintindex":0,"rotation":0,"texture":"#0"},"up":{"uv":[0.0,16.0,16.0,0.0],"tintindex":0,"rotation":0,"texture":"#0"},"down":{"uv":[0.0,0.0,16.0,16.0],"tintindex":0,"rotation":0,"texture":"#0"}}}],"display":{"gui":{"rotation":[-150.0,-45.0,180.0]}}}