{"textures":{"0":"modelengine:entity/erius_fire","particle":"#0"},"elements":[{"from":[8.0,3.5,2.0],"to":[8.0,12.5,14.0],"faces":{"east":{"uv":[0.0,2.0,16.0,16.0],"tintindex":0,"rotation":0,"texture":"#0"},"south":{"uv":[0.0,0.0,16.0,16.0],"tintindex":0,"rotation":0,"texture":"#0"},"north":{"uv":[0.0,0.0,16.0,16.0],"tintindex":0,"rotation":0,"texture":"#0"},"west":{"uv":[16.0,2.0,0.0,16.0],"tintindex":0,"rotation":0,"texture":"#0"},"up":{"uv":[0.0,16.0,16.0,0.0],"tintindex":0,"rotation":0,"texture":"#0"},"down":{"uv":[0.0,0.0,16.0,16.0],"tintindex":0,"rotation":0,"texture":"#0"}}},{"from":[7.25,7.25,4.0],"to":[8.75,8.75,7.0],"faces":{"east":{"uv":[6.0,7.0,13.0,11.0],"tintindex":0,"rotation":0,"texture":"#0"},"south":{"uv":[6.0,7.0,12.0,10.0],"tintindex":0,"rotation":0,"texture":"#0"},"north":{"uv":[6.0,7.0,13.0,11.0],"tintindex":0,"rotation":0,"texture":"#0"},"west":{"uv":[6.0,7.0,13.0,11.0],"tintindex":0,"rotation":0,"texture":"#0"},"up":{"uv":[6.0,7.0,13.0,10.0],"tintindex":0,"rotation":0,"texture":"#0"},"down":{"uv":[5.0,7.0,12.0,10.0],"tintindex":0,"rotation":0,"texture":"#0"}}}],"display":{"gui":{"rotation":[-150.0,-45.0,180.0]}}}