{"textures":{"0":"modelengine:entity/wisp","particle":"#0"},"elements":[{"from":[6.95,8.0,6.95],"to":[11.85,12.9,11.85],"faces":{"east":{"uv":[0.0,3.5,3.5,7.0],"tintindex":0,"rotation":0,"texture":"#0"},"south":{"uv":[3.5,0.0,7.0,3.5],"tintindex":0,"rotation":0,"texture":"#0"},"north":{"uv":[0.0,0.0,3.5,3.5],"tintindex":0,"rotation":0,"texture":"#0"},"west":{"uv":[3.5,3.5,7.0,7.0],"tintindex":0,"rotation":0,"texture":"#0"},"up":{"uv":[3.5,10.5,0.0,7.0],"tintindex":0,"rotation":0,"texture":"#0"},"down":{"uv":[10.5,0.0,7.0,3.5],"tintindex":0,"rotation":0,"texture":"#0"}}}],"display":{"gui":{"rotation":[-150.0,-45.0,180.0]}}}