{"textures":{"0":"modelengine:entity/erius_fire","particle":"#0"},"elements":[{"from":[8.0,2.0,5.5],"to":[8.0,14.0,14.5],"faces":{"east":{"uv":[0.0,2.0,16.0,16.0],"tintindex":0,"rotation":90,"texture":"#0"},"south":{"uv":[0.0,0.0,16.0,16.0],"tintindex":0,"rotation":0,"texture":"#0"},"north":{"uv":[0.0,16.0,16.0,0.0],"tintindex":0,"rotation":180,"texture":"#0"},"west":{"uv":[16.0,2.0,0.0,16.0],"tintindex":0,"rotation":270,"texture":"#0"},"up":{"uv":[0.0,0.0,16.0,16.0],"tintindex":0,"rotation":0,"texture":"#0"},"down":{"uv":[0.0,0.0,16.0,16.0],"tintindex":0,"rotation":180,"texture":"#0"}}}],"display":{"gui":{"rotation":[-150.0,-45.0,180.0]}}}