{"textures":{"0":"modelengine:entity/wanderer_vines","particle":"#0"},"elements":[{"from":[4.8933983,-4.0,0.5],"to":[11.106602,20.0,0.51499987],"faces":{"south":{"uv":[6.0,0.0,8.0,8.0],"tintindex":0,"rotation":0,"texture":"#0"},"north":{"uv":[4.0,0.0,6.0,8.0],"tintindex":0,"rotation":0,"texture":"#0"}},"rotation":{"origin":[8.0,8.0,8.0],"angle":-22.5,"axis":"y"}},{"from":[15.485001,-4.0,4.8933983],"to":[15.5,20.0,11.106602],"faces":{"east":{"uv":[12.0,0.0,14.0,8.0],"tintindex":0,"rotation":0,"texture":"#0"},"west":{"uv":[12.0,8.0,14.0,16.0],"tintindex":0,"rotation":0,"texture":"#0"}},"rotation":{"origin":[8.0,8.0,8.0],"angle":22.5,"axis":"y"}},{"from":[4.8933983,-4.0,15.485001],"to":[11.106602,20.0,15.5],"faces":{"south":{"uv":[4.0,8.0,6.0,16.0],"tintindex":0,"rotation":0,"texture":"#0"},"north":{"uv":[2.0,8.0,4.0,16.0],"tintindex":0,"rotation":0,"texture":"#0"}},"rotation":{"origin":[8.0,8.0,8.0],"angle":-22.5,"axis":"y"}},{"from":[15.485001,-4.0,4.8933983],"to":[15.5,20.0,11.106602],"faces":{"east":{"uv":[14.0,0.0,16.0,8.0],"tintindex":0,"rotation":0,"texture":"#0"},"west":{"uv":[14.0,8.0,16.0,16.0],"tintindex":0,"rotation":0,"texture":"#0"}},"rotation":{"origin":[8.0,8.0,8.0],"angle":-22.5,"axis":"y"}},{"from":[0.5,-4.0,4.8933983],"to":[0.51499987,20.0,11.106602],"faces":{"east":{"uv":[10.0,0.0,12.0,8.0],"tintindex":0,"rotation":0,"texture":"#0"},"west":{"uv":[10.0,8.0,12.0,16.0],"tintindex":0,"rotation":0,"texture":"#0"}},"rotation":{"origin":[8.0,8.0,8.0],"angle":-22.5,"axis":"y"}},{"from":[4.8933983,-4.0,0.5],"to":[11.106602,20.0,0.51499987],"faces":{"south":{"uv":[2.0,0.0,4.0,8.0],"tintindex":0,"rotation":0,"texture":"#0"},"north":{"uv":[0.0,0.0,2.0,8.0],"tintindex":0,"rotation":0,"texture":"#0"}},"rotation":{"origin":[8.0,8.0,8.0],"angle":22.5,"axis":"y"}},{"from":[0.5,-4.0,4.8933983],"to":[0.51499987,20.0,11.106602],"faces":{"east":{"uv":[6.0,8.0,8.0,16.0],"tintindex":0,"rotation":0,"texture":"#0"},"west":{"uv":[8.0,8.0,10.0,16.0],"tintindex":0,"rotation":0,"texture":"#0"}},"rotation":{"origin":[8.0,8.0,8.0],"angle":22.5,"axis":"y"}},{"from":[4.8933983,-4.0,15.485001],"to":[11.106602,20.0,15.5],"faces":{"south":{"uv":[8.0,0.0,10.0,8.0],"tintindex":0,"rotation":0,"texture":"#0"},"north":{"uv":[0.0,8.0,2.0,16.0],"tintindex":0,"rotation":0,"texture":"#0"}},"rotation":{"origin":[8.0,8.0,8.0],"angle":22.5,"axis":"y"}}],"display":{"gui":{"rotation":[-150.0,-45.0,180.0]}}}