{"textures":{"0":"modelengine:entity/hv_vespera_bat","particle":"#0"},"elements":[{"from":[6.2,8.0,4.3999996],"to":[8.6,9.8,7.05],"faces":{"east":{"uv":[13.0,0.0,15.5,1.5],"tintindex":0,"rotation":0,"texture":"#0"},"south":{"uv":[11.0,13.0,13.0,14.5],"tintindex":0,"rotation":0,"texture":"#0"},"north":{"uv":[13.0,7.0,15.0,8.5],"tintindex":0,"rotation":0,"texture":"#0"},"west":{"uv":[13.0,1.5,15.5,3.0],"tintindex":0,"rotation":0,"texture":"#0"},"up":{"uv":[4.0,14.0,2.0,11.5],"tintindex":0,"rotation":0,"texture":"#0"},"down":{"uv":[6.0,11.5,4.0,14.0],"tintindex":0,"rotation":0,"texture":"#0"}}}],"display":{"gui":{"rotation":[-150.0,-45.0,180.0]}}}