{"textures":{"0":"modelengine:entity/hv_vespera_bat","particle":"#0"},"elements":[{"from":[7.25,8.3625,5.77],"to":[8.75,9.4125,5.92],"faces":{"east":{"uv":[5.5,14.0,5.75,15.0],"tintindex":0,"rotation":0,"texture":"#0"},"south":{"uv":[2.0,14.0,3.25,15.0],"tintindex":0,"rotation":0,"texture":"#0"},"north":{"uv":[13.0,13.0,14.25,14.0],"tintindex":0,"rotation":0,"texture":"#0"},"west":{"uv":[6.0,14.5,6.25,15.5],"tintindex":0,"rotation":0,"texture":"#0"},"up":{"uv":[14.25,8.75,13.0,8.5],"tintindex":0,"rotation":0,"texture":"#0"},"down":{"uv":[14.25,14.0,13.0,14.25],"tintindex":0,"rotation":0,"texture":"#0"}}},{"from":[7.13,7.1625,5.71],"to":[7.73,8.0625,5.71],"faces":{"south":{"uv":[5.0,14.0,5.5,15.25],"tintindex":0,"rotation":0,"texture":"#0"},"north":{"uv":[4.5,14.0,5.0,15.25],"tintindex":0,"rotation":0,"texture":"#0"}},"rotation":{"origin":[7.43,7.3125,5.71],"angle":22.5,"axis":"x"}},{"from":[8.27,7.1625,5.71],"to":[8.87,8.0625,5.71],"faces":{"south":{"uv":[5.5,14.0,5.0,15.25],"tintindex":0,"rotation":0,"texture":"#0"},"north":{"uv":[5.0,14.0,4.5,15.25],"tintindex":0,"rotation":0,"texture":"#0"}},"rotation":{"origin":[8.57,7.3125,5.71],"angle":22.5,"axis":"x"}},{"from":[6.5,7.3125,5.92],"to":[9.5,9.4125,7.87],"faces":{"east":{"uv":[13.0,3.0,14.75,4.75],"tintindex":0,"rotation":0,"texture":"#0"},"south":{"uv":[12.0,11.0,14.5,12.75],"tintindex":0,"rotation":0,"texture":"#0"},"north":{"uv":[12.0,9.0,14.5,10.75],"tintindex":0,"rotation":0,"texture":"#0"},"west":{"uv":[13.0,5.0,14.75,6.75],"tintindex":0,"rotation":0,"texture":"#0"},"up":{"uv":[8.5,14.25,6.0,12.5],"tintindex":0,"rotation":0,"texture":"#0"},"down":{"uv":[11.0,12.5,8.5,14.25],"tintindex":0,"rotation":0,"texture":"#0"}}}],"display":{"gui":{"rotation":[-150.0,-45.0,180.0]}}}