{"textures":{"2":"modelengine:entity/erius_candle","particle":"#2"},"elements":[{"from":[7.866667,7.875,7.15],"to":[8.116667,8.125,7.7],"faces":{"east":{"uv":[9.333334,0.0,10.0,0.33333334],"tintindex":0,"rotation":0,"texture":"#2"},"south":{"uv":[10.666667,1.3333334,11.0,1.6666667],"tintindex":0,"rotation":0,"texture":"#2"},"north":{"uv":[10.666667,0.0,11.0,0.33333334],"tintindex":0,"rotation":0,"texture":"#2"},"west":{"uv":[9.333334,1.3333334,10.0,1.6666667],"tintindex":0,"rotation":0,"texture":"#2"},"up":{"uv":[9.666667,3.3333335,9.333334,2.6666667],"tintindex":0,"rotation":0,"texture":"#2"},"down":{"uv":[9.666667,4.0,9.333334,4.666667],"tintindex":0,"rotation":0,"texture":"#2"}}},{"from":[7.4166665,7.375,7.7],"to":[8.666666,8.625,12.15],"faces":{"east":{"uv":[0.0,0.0,6.0,1.6666667],"tintindex":0,"rotation":0,"texture":"#2"},"south":{"uv":[8.0,8.0,9.666667,9.666667],"tintindex":0,"rotation":0,"texture":"#2"},"north":{"uv":[8.0,5.3333335,9.666667,7.0],"tintindex":0,"rotation":0,"texture":"#2"},"west":{"uv":[0.0,2.6666667,6.0,4.3333335],"tintindex":0,"rotation":0,"texture":"#2"},"up":{"uv":[1.6666667,11.333334,0.0,5.3333335],"tintindex":0,"rotation":0,"texture":"#2"},"down":{"uv":[4.3333335,5.3333335,2.6666667,11.333334],"tintindex":0,"rotation":0,"texture":"#2"}}}],"display":{"gui":{"rotation":[-150.0,-45.0,180.0]}}}