{"textures":{"1":"modelengine:entity/erius","particle":"#1"},"elements":[{"from":[4.625,-2.25,7.75],"to":[12.375,21.25,8.25],"faces":{"east":{"uv":[7.166667,10.166667,7.3333335,14.166667],"tintindex":0,"rotation":0,"texture":"#1"},"south":{"uv":[2.8333335,4.0,4.166667,8.0],"tintindex":0,"rotation":0,"texture":"#1"},"north":{"uv":[1.5,4.0,2.8333335,8.0],"tintindex":0,"rotation":0,"texture":"#1"},"west":{"uv":[7.3333335,10.166667,7.5,14.166667],"tintindex":0,"rotation":0,"texture":"#1"},"up":{"uv":[12.833334,6.8333335,11.5,6.666667],"tintindex":0,"rotation":0,"texture":"#1"},"down":{"uv":[12.833334,6.8333335,11.5,7.0],"tintindex":0,"rotation":0,"texture":"#1"}}}],"display":{"gui":{"rotation":[-150.0,-45.0,180.0]}}}