{"textures":{"1":"modelengine:entity/erius","particle":"#1"},"elements":[{"from":[3.625,-2.25,7.75],"to":[11.375,21.25,8.25],"faces":{"east":{"uv":[7.5,10.166667,7.666667,14.166667],"tintindex":0,"rotation":0,"texture":"#1"},"south":{"uv":[4.5,0.0,5.8333335,4.0],"tintindex":0,"rotation":0,"texture":"#1"},"north":{"uv":[4.166667,4.0,5.5,8.0],"tintindex":0,"rotation":0,"texture":"#1"},"west":{"uv":[7.666667,10.166667,7.8333335,14.166667],"tintindex":0,"rotation":0,"texture":"#1"},"up":{"uv":[12.833334,7.166667,11.5,7.0],"tintindex":0,"rotation":0,"texture":"#1"},"down":{"uv":[12.833334,7.166667,11.5,7.3333335],"tintindex":0,"rotation":0,"texture":"#1"}}}],"display":{"gui":{"rotation":[-150.0,-45.0,180.0]}}}