{"textures":{"1":"modelengine:entity/erius","particle":"#1"},"elements":[{"from":[10.625,-2.25,7.75],"to":[11.375,21.25,11.25],"faces":{"east":{"uv":[1.3333334,8.0,2.0,12.0],"tintindex":0,"rotation":0,"texture":"#1"},"south":{"uv":[9.0,10.166667,9.166667,14.166667],"tintindex":0,"rotation":0,"texture":"#1"},"north":{"uv":[8.833334,10.166667,9.0,14.166667],"tintindex":0,"rotation":0,"texture":"#1"},"west":{"uv":[2.0,8.0,2.6666667,12.0],"tintindex":0,"rotation":0,"texture":"#1"},"up":{"uv":[10.0,12.333334,9.833334,11.666667],"tintindex":0,"rotation":0,"texture":"#1"},"down":{"uv":[10.166667,11.666667,10.0,12.333334],"tintindex":0,"rotation":0,"texture":"#1"}}}],"display":{"gui":{"rotation":[-150.0,-45.0,180.0]}}}