{"textures":{"1":"modelengine:entity/erius","particle":"#1"},"elements":[{"from":[4.625,-2.25,7.75],"to":[12.375,21.25,8.25],"faces":{"east":{"uv":[7.8333335,10.166667,8.0,14.166667],"tintindex":0,"rotation":0,"texture":"#1"},"south":{"uv":[5.8333335,0.0,7.166667,4.0],"tintindex":0,"rotation":0,"texture":"#1"},"north":{"uv":[5.5,4.0,6.8333335,8.0],"tintindex":0,"rotation":0,"texture":"#1"},"west":{"uv":[8.0,10.166667,8.166667,14.166667],"tintindex":0,"rotation":0,"texture":"#1"},"up":{"uv":[12.833334,7.5,11.5,7.3333335],"tintindex":0,"rotation":0,"texture":"#1"},"down":{"uv":[12.833334,7.8333335,11.5,8.0],"tintindex":0,"rotation":0,"texture":"#1"}}}],"display":{"gui":{"rotation":[-150.0,-45.0,180.0]}}}