{"textures":{"1":"modelengine:entity/erius","particle":"#1"},"elements":[{"from":[3.125,-2.25,7.75],"to":[11.875,21.25,8.25],"faces":{"east":{"uv":[6.166667,10.0,6.3333335,14.0],"tintindex":0,"rotation":0,"texture":"#1"},"south":{"uv":[1.5,0.0,3.0,4.0],"tintindex":0,"rotation":0,"texture":"#1"},"north":{"uv":[0.0,0.0,1.5,4.0],"tintindex":0,"rotation":0,"texture":"#1"},"west":{"uv":[6.3333335,10.0,6.5,14.0],"tintindex":0,"rotation":0,"texture":"#1"},"up":{"uv":[10.833334,7.5,9.333334,7.3333335],"tintindex":0,"rotation":0,"texture":"#1"},"down":{"uv":[12.833334,9.833334,11.333334,10.0],"tintindex":0,"rotation":0,"texture":"#1"}}}],"display":{"gui":{"rotation":[-150.0,-45.0,180.0]}}}