{"textures":{"1":"modelengine:entity/erius","particle":"#1"},"elements":[{"from":[3.625,-2.25,7.75],"to":[11.375,21.25,8.25],"faces":{"east":{"uv":[8.166667,10.166667,8.333334,14.166667],"tintindex":0,"rotation":0,"texture":"#1"},"south":{"uv":[7.166667,0.0,8.5,4.0],"tintindex":0,"rotation":0,"texture":"#1"},"north":{"uv":[6.8333335,4.0,8.166667,8.0],"tintindex":0,"rotation":0,"texture":"#1"},"west":{"uv":[8.333334,10.166667,8.5,14.166667],"tintindex":0,"rotation":0,"texture":"#1"},"up":{"uv":[12.833334,8.166667,11.5,8.0],"tintindex":0,"rotation":0,"texture":"#1"},"down":{"uv":[12.833334,8.166667,11.5,8.333334],"tintindex":0,"rotation":0,"texture":"#1"}}}],"display":{"gui":{"rotation":[-150.0,-45.0,180.0]}}}