{"textures":{"1":"modelengine:entity/erius","particle":"#1"},"elements":[{"from":[3.125,-2.25,7.75],"to":[11.875,21.25,8.25],"faces":{"east":{"uv":[6.5,10.0,6.666667,14.0],"tintindex":0,"rotation":0,"texture":"#1"},"south":{"uv":[0.0,4.0,1.5,8.0],"tintindex":0,"rotation":0,"texture":"#1"},"north":{"uv":[3.0,0.0,4.5,4.0],"tintindex":0,"rotation":0,"texture":"#1"},"west":{"uv":[6.666667,10.0,6.8333335,14.0],"tintindex":0,"rotation":0,"texture":"#1"},"up":{"uv":[12.833334,10.166667,11.333334,10.0],"tintindex":0,"rotation":0,"texture":"#1"},"down":{"uv":[12.833334,10.166667,11.333334,10.333334],"tintindex":0,"rotation":0,"texture":"#1"}}}],"display":{"gui":{"rotation":[-150.0,-45.0,180.0]}}}