{"textures":{"1":"modelengine:entity/erius","particle":"#1"},"elements":[{"from":[7.016684,19.125,6.25],"to":[11.391684,21.375,8.5],"faces":{"east":{"uv":[5.3333335,10.0,6.166667,10.833334],"tintindex":0,"rotation":0,"texture":"#1"},"south":{"uv":[8.5,2.0,10.0,2.8333335],"tintindex":0,"rotation":0,"texture":"#1"},"north":{"uv":[8.5,1.1666667,10.0,2.0],"tintindex":0,"rotation":0,"texture":"#1"},"west":{"uv":[10.0,5.8333335,10.833334,6.666667],"tintindex":0,"rotation":0,"texture":"#1"},"up":{"uv":[10.0,3.6666667,8.5,2.8333335],"tintindex":0,"rotation":0,"texture":"#1"},"down":{"uv":[6.8333335,9.166667,5.3333335,10.0],"tintindex":0,"rotation":0,"texture":"#1"}}}],"display":{"gui":{"rotation":[-150.0,-45.0,180.0]}}}