{"textures":{"0":"modelengine:entity/erius_head","particle":"#0"},"elements":[{"from":[4.5892878,18.25,8.25],"to":[8.589288,20.25,8.875],"faces":{"east":{"uv":[5.75,7.5,6.0,8.5],"tintindex":0,"rotation":0,"texture":"#0"},"south":{"uv":[9.0,0.0,11.0,1.0],"tintindex":0,"rotation":0,"texture":"#0"},"north":{"uv":[5.75,8.75,7.75,9.75],"tintindex":0,"rotation":0,"texture":"#0"},"west":{"uv":[6.0,7.5,6.25,8.5],"tintindex":0,"rotation":0,"texture":"#0"},"up":{"uv":[9.75,11.0,7.75,10.75],"tintindex":0,"rotation":0,"texture":"#0"},"down":{"uv":[12.75,9.0,10.75,9.25],"tintindex":0,"rotation":0,"texture":"#0"}}},{"from":[4.8392878,17.75,5.25],"to":[8.339288,18.25,8.75],"faces":{"east":{"uv":[10.75,10.0,12.5,10.25],"tintindex":0,"rotation":0,"texture":"#0"},"south":{"uv":[10.75,10.25,12.5,10.5],"tintindex":0,"rotation":0,"texture":"#0"},"north":{"uv":[10.75,9.75,12.5,10.0],"tintindex":0,"rotation":0,"texture":"#0"},"west":{"uv":[10.75,10.5,12.5,10.75],"tintindex":0,"rotation":0,"texture":"#0"},"up":{"uv":[6.25,5.75,4.5,4.0],"tintindex":0,"rotation":0,"texture":"#0"},"down":{"uv":[6.25,5.75,4.5,7.5],"tintindex":0,"rotation":0,"texture":"#0"}}}],"display":{"gui":{"rotation":[-150.0,-45.0,180.0]}}}