{"textures":{"0":"modelengine:entity/erius_head","particle":"#0"},"elements":[{"from":[6.178576,7.699999,3.5],"to":[10.1785755,8.699999,10.5],"faces":{"east":{"uv":[10.75,10.75,12.5,11.0],"tintindex":0,"rotation":0,"texture":"#0"},"south":{"uv":[11.5,3.0,12.5,3.25],"tintindex":0,"rotation":0,"texture":"#0"},"north":{"uv":[8.75,11.25,9.75,11.5],"tintindex":0,"rotation":0,"texture":"#0"},"west":{"uv":[11.0,0.0,12.75,0.25],"tintindex":0,"rotation":0,"texture":"#0"},"up":{"uv":[4.5,10.25,3.5,8.5],"tintindex":0,"rotation":0,"texture":"#0"},"down":{"uv":[8.75,9.0,7.75,10.75],"tintindex":0,"rotation":0,"texture":"#0"}}}],"display":{"gui":{"rotation":[-150.0,-45.0,180.0]}}}