{"textures":{"0":"modelengine:entity/erius_head","particle":"#0"},"elements":[{"from":[5.75,7.5,4.6499996],"to":[9.75,8.5,9.5],"faces":{"east":{"uv":[11.5,1.75,12.75,2.0],"tintindex":0,"rotation":0,"texture":"#0"},"south":{"uv":[11.5,4.0,12.5,4.25],"tintindex":0,"rotation":0,"texture":"#0"},"north":{"uv":[11.5,3.75,12.5,4.0],"tintindex":0,"rotation":0,"texture":"#0"},"west":{"uv":[11.5,2.0,12.75,2.25],"tintindex":0,"rotation":0,"texture":"#0"},"up":{"uv":[11.5,2.25,10.5,1.0],"tintindex":0,"rotation":0,"texture":"#0"},"down":{"uv":[11.5,2.25,10.5,3.5],"tintindex":0,"rotation":0,"texture":"#0"}}}],"display":{"gui":{"rotation":[-150.0,-45.0,180.0]}}}