{"textures":{"0":"modelengine:entity/erius_head","particle":"#0"},"elements":[{"from":[5.0,7.5,4.5],"to":[11.0,8.5,9.5],"faces":{"east":{"uv":[1.5,11.5,2.75,11.75],"tintindex":0,"rotation":0,"texture":"#0"},"south":{"uv":[0.0,11.5,1.5,11.75],"tintindex":0,"rotation":0,"texture":"#0"},"north":{"uv":[10.75,11.25,12.25,11.5],"tintindex":0,"rotation":0,"texture":"#0"},"west":{"uv":[11.5,1.5,12.75,1.75],"tintindex":0,"rotation":0,"texture":"#0"},"up":{"uv":[10.5,4.75,9.0,3.5],"tintindex":0,"rotation":0,"texture":"#0"},"down":{"uv":[10.5,4.75,9.0,6.0],"tintindex":0,"rotation":0,"texture":"#0"}}}],"display":{"gui":{"rotation":[-150.0,-45.0,180.0]}}}