{"textures":{"0":"modelengine:entity/erius_head","particle":"#0"},"elements":[{"from":[5.0,7.5,4.5],"to":[11.0,8.5,9.5],"faces":{"east":{"uv":[11.5,1.0,12.75,1.25],"tintindex":0,"rotation":0,"texture":"#0"},"south":{"uv":[7.25,11.25,8.75,11.5],"tintindex":0,"rotation":0,"texture":"#0"},"north":{"uv":[11.25,7.0,12.75,7.25],"tintindex":0,"rotation":0,"texture":"#0"},"west":{"uv":[11.5,1.25,12.75,1.5],"tintindex":0,"rotation":0,"texture":"#0"},"up":{"uv":[10.5,2.25,9.0,1.0],"tintindex":0,"rotation":0,"texture":"#0"},"down":{"uv":[10.5,2.25,9.0,3.5],"tintindex":0,"rotation":0,"texture":"#0"}}}],"display":{"gui":{"rotation":[-150.0,-45.0,180.0]}}}