{"textures":{"0":"modelengine:entity/erius_head","particle":"#0"},"elements":[{"from":[7.9785757,7.700001,3.5],"to":[9.978576,8.700001,10.5],"faces":{"east":{"uv":[11.0,0.75,12.75,1.0],"tintindex":0,"rotation":0,"texture":"#0"},"south":{"uv":[9.25,11.5,9.75,11.75],"tintindex":0,"rotation":0,"texture":"#0"},"north":{"uv":[8.75,11.5,9.25,11.75],"tintindex":0,"rotation":0,"texture":"#0"},"west":{"uv":[5.5,11.0,7.25,11.25],"tintindex":0,"rotation":0,"texture":"#0"},"up":{"uv":[4.5,12.0,4.0,10.25],"tintindex":0,"rotation":0,"texture":"#0"},"down":{"uv":[11.0,7.25,10.5,9.0],"tintindex":0,"rotation":0,"texture":"#0"}}}],"display":{"gui":{"rotation":[-150.0,-45.0,180.0]}}}