{"textures":{"0":"modelengine:entity/erius_head","particle":"#0"},"elements":[{"from":[3.9785757,7.700001,3.5],"to":[9.978576,8.700001,10.5],"faces":{"east":{"uv":[11.0,7.5,12.75,7.75],"tintindex":0,"rotation":0,"texture":"#0"},"south":{"uv":[11.25,6.25,12.75,6.5],"tintindex":0,"rotation":0,"texture":"#0"},"north":{"uv":[11.25,6.0,12.75,6.25],"tintindex":0,"rotation":0,"texture":"#0"},"west":{"uv":[11.0,7.75,12.75,8.0],"tintindex":0,"rotation":0,"texture":"#0"},"up":{"uv":[1.5,8.5,0.0,6.75],"tintindex":0,"rotation":0,"texture":"#0"},"down":{"uv":[3.0,6.75,1.5,8.5],"tintindex":0,"rotation":0,"texture":"#0"}}}],"display":{"gui":{"rotation":[-150.0,-45.0,180.0]}}}