{"textures":{"0":"modelengine:entity/erius_head","particle":"#0"},"elements":[{"from":[4.9785757,7.700001,3.5],"to":[7.9785757,8.700001,10.5],"faces":{"east":{"uv":[11.0,8.5,12.75,8.75],"tintindex":0,"rotation":0,"texture":"#0"},"south":{"uv":[11.5,5.5,12.25,5.75],"tintindex":0,"rotation":0,"texture":"#0"},"north":{"uv":[5.5,11.5,6.25,11.75],"tintindex":0,"rotation":0,"texture":"#0"},"west":{"uv":[11.0,8.75,12.75,9.0],"tintindex":0,"rotation":0,"texture":"#0"},"up":{"uv":[0.75,11.5,0.0,9.75],"tintindex":0,"rotation":0,"texture":"#0"},"down":{"uv":[1.5,9.75,0.75,11.5],"tintindex":0,"rotation":0,"texture":"#0"}}}],"display":{"gui":{"rotation":[-150.0,-45.0,180.0]}}}