{"textures":{"0":"modelengine:entity/erius_head","particle":"#0"},"elements":[{"from":[6.0214243,7.700001,3.5],"to":[8.021424,8.700001,10.5],"faces":{"east":{"uv":[7.25,11.0,9.0,11.25],"tintindex":0,"rotation":0,"texture":"#0"},"south":{"uv":[10.25,11.5,10.75,11.75],"tintindex":0,"rotation":0,"texture":"#0"},"north":{"uv":[9.75,11.5,10.25,11.75],"tintindex":0,"rotation":0,"texture":"#0"},"west":{"uv":[11.0,7.25,12.75,7.5],"tintindex":0,"rotation":0,"texture":"#0"},"up":{"uv":[5.0,12.5,4.5,10.75],"tintindex":0,"rotation":0,"texture":"#0"},"down":{"uv":[5.5,10.75,5.0,12.5],"tintindex":0,"rotation":0,"texture":"#0"}}}],"display":{"gui":{"rotation":[-150.0,-45.0,180.0]}}}