{"textures":{"0":"modelengine:entity/erius_head","particle":"#0"},"elements":[{"from":[8.612448,13.624998,4.1125],"to":[11.112448,14.624998,4.4625],"faces":{"east":{"uv":[11.0,11.5,10.75,11.75],"tintindex":0,"rotation":0,"texture":"#0"},"south":{"uv":[12.25,4.75,11.5,5.0],"tintindex":0,"rotation":0,"texture":"#0"},"north":{"uv":[9.75,11.0,9.0,11.25],"tintindex":0,"rotation":0,"texture":"#0"},"west":{"uv":[5.75,10.75,5.5,11.0],"tintindex":0,"rotation":0,"texture":"#0"},"up":{"uv":[11.5,5.25,12.25,5.0],"tintindex":0,"rotation":0,"texture":"#0"},"down":{"uv":[11.5,5.25,12.25,5.5],"tintindex":0,"rotation":0,"texture":"#0"}}},{"from":[6.1291842,6.125,5.7125],"to":[9.879185,10.625,10.2125],"faces":{"east":{"uv":[9.25,7.75,10.5,9.0],"tintindex":0,"rotation":0,"texture":"#0"},"south":{"uv":[6.75,9.75,7.75,11.0],"tintindex":0,"rotation":0,"texture":"#0"},"north":{"uv":[5.75,9.75,6.75,11.0],"tintindex":0,"rotation":0,"texture":"#0"},"west":{"uv":[4.5,9.5,5.75,10.75],"tintindex":0,"rotation":0,"texture":"#0"},"up":{"uv":[10.75,10.25,9.75,9.0],"tintindex":0,"rotation":0,"texture":"#0"},"down":{"uv":[4.0,10.25,3.0,11.5],"tintindex":0,"rotation":0,"texture":"#0"}}},{"from":[4.8791842,9.125,4.4625],"to":[11.129184,15.624998,10.4625],"faces":{"east":{"uv":[6.25,1.75,7.75,3.5],"tintindex":0,"rotation":0,"texture":"#0"},"south":{"uv":[6.25,3.5,7.75,5.25],"tintindex":0,"rotation":0,"texture":"#0"},"north":{"uv":[6.25,0.0,7.75,1.75],"tintindex":0,"rotation":0,"texture":"#0"},"west":{"uv":[6.25,5.25,7.75,7.0],"tintindex":0,"rotation":0,"texture":"#0"},"up":{"uv":[9.25,7.5,7.75,6.0],"tintindex":0,"rotation":0,"texture":"#0"},"down":{"uv":[9.25,7.5,7.75,9.0],"tintindex":0,"rotation":0,"texture":"#0"}}},{"from":[4.8791842,13.624998,4.1125],"to":[7.3791842,14.624998,4.4625],"faces":{"east":{"uv":[5.5,10.75,5.75,11.0],"tintindex":0,"rotation":0,"texture":"#0"},"south":{"uv":[11.5,4.75,12.25,5.0],"tintindex":0,"rotation":0,"texture":"#0"},"north":{"uv":[9.0,11.0,9.75,11.25],"tintindex":0,"rotation":0,"texture":"#0"},"west":{"uv":[10.75,11.5,11.0,11.75],"tintindex":0,"rotation":0,"texture":"#0"},"up":{"uv":[12.25,5.25,11.5,5.0],"tintindex":0,"rotation":0,"texture":"#0"},"down":{"uv":[12.25,5.25,11.5,5.5],"tintindex":0,"rotation":0,"texture":"#0"}}}],"display":{"gui":{"rotation":[-150.0,-45.0,180.0]}}}