{"textures":{"1":"modelengine:entity/erius","particle":"#1"},"elements":[{"from":[7.625,6.799999,7.625],"to":[8.375,8.0,8.375],"faces":{"east":{"uv":[4.8333335,12.0,5.0,12.166667],"tintindex":0,"rotation":0,"texture":"#1"},"south":{"uv":[12.0,4.8333335,12.166667,5.0],"tintindex":0,"rotation":0,"texture":"#1"},"north":{"uv":[12.0,4.666667,12.166667,4.8333335],"tintindex":0,"rotation":0,"texture":"#1"},"west":{"uv":[12.0,5.0,12.166667,5.166667],"tintindex":0,"rotation":0,"texture":"#1"},"up":{"uv":[12.166667,5.3333335,12.0,5.166667],"tintindex":0,"rotation":0,"texture":"#1"},"down":{"uv":[12.166667,5.3333335,12.0,5.5],"tintindex":0,"rotation":0,"texture":"#1"}}}],"display":{"gui":{"rotation":[-150.0,-45.0,180.0]}}}