{"textures":{"1":"modelengine:entity/erius","particle":"#1"},"elements":[{"from":[6.8,7.625,4.4249997],"to":[9.1,8.375,7.625],"faces":{"east":{"uv":[4.166667,11.833334,4.666667,12.0],"tintindex":0,"rotation":0,"texture":"#1"},"south":{"uv":[4.666667,11.833334,5.0,12.0],"tintindex":0,"rotation":0,"texture":"#1"},"north":{"uv":[9.333334,9.0,9.666667,9.166667],"tintindex":0,"rotation":0,"texture":"#1"},"west":{"uv":[11.833334,4.166667,12.333334,4.3333335],"tintindex":0,"rotation":0,"texture":"#1"},"up":{"uv":[10.333334,9.0,10.0,8.5],"tintindex":0,"rotation":0,"texture":"#1"},"down":{"uv":[10.666667,0.6666667,10.333334,1.1666667],"tintindex":0,"rotation":0,"texture":"#1"}}}],"display":{"gui":{"rotation":[-150.0,-45.0,180.0]}}}