{"textures":{"1":"modelengine:entity/erius","particle":"#1"},"elements":[{"from":[7.625,6.8,7.625],"to":[8.375,8.0,8.375],"faces":{"east":{"uv":[12.0,5.666667,12.166667,5.8333335],"tintindex":0,"rotation":0,"texture":"#1"},"south":{"uv":[12.0,5.8333335,12.166667,6.0],"tintindex":0,"rotation":0,"texture":"#1"},"north":{"uv":[12.0,5.5,12.166667,5.666667],"tintindex":0,"rotation":0,"texture":"#1"},"west":{"uv":[12.0,8.5,12.166667,8.666667],"tintindex":0,"rotation":0,"texture":"#1"},"up":{"uv":[12.166667,8.833334,12.0,8.666667],"tintindex":0,"rotation":0,"texture":"#1"},"down":{"uv":[12.166667,8.833334,12.0,9.0],"tintindex":0,"rotation":0,"texture":"#1"}}}],"display":{"gui":{"rotation":[-150.0,-45.0,180.0]}}}