{"textures":{"1":"modelengine:entity/erius","particle":"#1"},"elements":[{"from":[6.5,3.375,6.5],"to":[9.5,8.625,9.5],"faces":{"east":{"uv":[10.833334,8.5,11.333334,9.333334],"tintindex":0,"rotation":0,"texture":"#1"},"south":{"uv":[9.166667,10.833334,9.666667,11.666667],"tintindex":0,"rotation":0,"texture":"#1"},"north":{"uv":[10.833334,5.8333335,11.333334,6.666667],"tintindex":0,"rotation":0,"texture":"#1"},"west":{"uv":[10.833334,9.333334,11.333334,10.166667],"tintindex":0,"rotation":0,"texture":"#1"},"up":{"uv":[10.666667,4.666667,10.166667,4.166667],"tintindex":0,"rotation":0,"texture":"#1"},"down":{"uv":[11.833334,10.333334,11.333334,10.833334],"tintindex":0,"rotation":0,"texture":"#1"}}}],"display":{"gui":{"rotation":[-150.0,-45.0,180.0]}}}