{"textures":{"1":"modelengine:entity/erius","particle":"#1"},"elements":[{"from":[5.6547637,7.5,8.812615],"to":[8.654763,11.75,11.812615],"faces":{"east":{"uv":[11.166667,0.0,11.666667,0.6666667],"tintindex":0,"rotation":0,"texture":"#1"},"south":{"uv":[11.166667,3.5,11.666667,4.166667],"tintindex":0,"rotation":0,"texture":"#1"},"north":{"uv":[11.0,7.8333335,11.5,8.5],"tintindex":0,"rotation":0,"texture":"#1"},"west":{"uv":[11.333334,2.6666667,11.833334,3.3333335],"tintindex":0,"rotation":0,"texture":"#1"},"up":{"uv":[12.0,1.1666667,11.5,0.6666667],"tintindex":0,"rotation":0,"texture":"#1"},"down":{"uv":[12.0,1.1666667,11.5,1.6666667],"tintindex":0,"rotation":0,"texture":"#1"}}},{"from":[5.4047637,5.25,6.8126154],"to":[8.904763,7.5,11.812615],"faces":{"east":{"uv":[8.5,3.6666667,9.333334,4.0],"tintindex":0,"rotation":0,"texture":"#1"},"south":{"uv":[11.666667,0.0,12.333334,0.33333334],"tintindex":0,"rotation":0,"texture":"#1"},"north":{"uv":[9.333334,7.0,10.0,7.3333335],"tintindex":0,"rotation":0,"texture":"#1"},"west":{"uv":[11.333334,6.3333335,12.166667,6.666667],"tintindex":0,"rotation":0,"texture":"#1"},"up":{"uv":[11.333334,3.5,10.666667,2.6666667],"tintindex":0,"rotation":0,"texture":"#1"},"down":{"uv":[11.333334,4.166667,10.666667,5.0],"tintindex":0,"rotation":0,"texture":"#1"}}}],"display":{"gui":{"rotation":[-150.0,-45.0,180.0]}}}