{"textures":{"1":"modelengine:entity/erius","particle":"#1"},"elements":[{"from":[7.625,6.4,7.625],"to":[8.375,8.0,8.375],"faces":{"east":{"uv":[11.833334,11.166667,12.0,11.5],"tintindex":0,"rotation":0,"texture":"#1"},"south":{"uv":[11.333334,11.833334,11.5,12.166667],"tintindex":0,"rotation":0,"texture":"#1"},"north":{"uv":[11.166667,11.833334,11.333334,12.166667],"tintindex":0,"rotation":0,"texture":"#1"},"west":{"uv":[11.5,11.833334,11.666667,12.166667],"tintindex":0,"rotation":0,"texture":"#1"},"up":{"uv":[12.333334,1.1666667,12.166667,1.0],"tintindex":0,"rotation":0,"texture":"#1"},"down":{"uv":[1.3333334,12.166667,1.1666667,12.333334],"tintindex":0,"rotation":0,"texture":"#1"}}}],"display":{"gui":{"rotation":[-150.0,-45.0,180.0]}}}