{"textures":{"1":"modelengine:entity/erius","particle":"#1"},"elements":[{"from":[7.625,6.950001,7.625],"to":[8.375,7.950001,8.375],"faces":{"east":{"uv":[0.33333334,12.166667,0.5,12.333334],"tintindex":0,"rotation":0,"texture":"#1"},"south":{"uv":[0.5,12.166667,0.6666667,12.333334],"tintindex":0,"rotation":0,"texture":"#1"},"north":{"uv":[0.16666667,12.166667,0.33333334,12.333334],"tintindex":0,"rotation":0,"texture":"#1"},"west":{"uv":[0.6666667,12.166667,0.8333334,12.333334],"tintindex":0,"rotation":0,"texture":"#1"},"up":{"uv":[12.333334,0.8333334,12.166667,0.6666667],"tintindex":0,"rotation":0,"texture":"#1"},"down":{"uv":[1.0,12.166667,0.8333334,12.333334],"tintindex":0,"rotation":0,"texture":"#1"}}}],"display":{"gui":{"rotation":[-150.0,-45.0,180.0]}}}