{"textures":{"1":"modelengine:entity/erius","particle":"#1"},"elements":[{"from":[7.625,7.0,7.625],"to":[8.375,8.0,8.375],"faces":{"east":{"uv":[12.0,11.666667,12.166667,11.833334],"tintindex":0,"rotation":0,"texture":"#1"},"south":{"uv":[11.833334,12.0,12.0,12.166667],"tintindex":0,"rotation":0,"texture":"#1"},"north":{"uv":[11.666667,12.0,11.833334,12.166667],"tintindex":0,"rotation":0,"texture":"#1"},"west":{"uv":[12.0,11.833334,12.166667,12.0],"tintindex":0,"rotation":0,"texture":"#1"},"up":{"uv":[12.166667,12.166667,12.0,12.0],"tintindex":0,"rotation":0,"texture":"#1"},"down":{"uv":[0.16666667,12.166667,0.0,12.333334],"tintindex":0,"rotation":0,"texture":"#1"}}}],"display":{"gui":{"rotation":[-150.0,-45.0,180.0]}}}