{"textures":{"1":"modelengine:entity/erius","particle":"#1"},"elements":[{"from":[6.0,1.125,4.875],"to":[10.0,8.375,11.625],"faces":{"east":{"uv":[9.333334,5.166667,8.166667,6.3333335],"tintindex":0,"rotation":0,"texture":"#1"},"south":{"uv":[10.0,5.8333335,9.333334,7.0],"tintindex":0,"rotation":0,"texture":"#1"},"north":{"uv":[10.0,4.666667,9.333334,5.8333335],"tintindex":0,"rotation":0,"texture":"#1"},"west":{"uv":[9.333334,4.0,8.166667,5.166667],"tintindex":0,"rotation":0,"texture":"#1"},"up":{"uv":[9.333334,9.0,10.0,7.8333335],"tintindex":0,"rotation":0,"texture":"#1"},"down":{"uv":[9.666667,0.0,10.333334,1.1666667],"tintindex":0,"rotation":0,"texture":"#1"}}}],"display":{"gui":{"rotation":[-150.0,-45.0,180.0]}}}