{"textures":{"1":"modelengine:entity/erius","particle":"#1"},"elements":[{"from":[7.625,6.799999,7.625],"to":[8.375,8.0,8.375],"faces":{"east":{"uv":[3.5,12.166667,3.6666667,12.333334],"tintindex":0,"rotation":0,"texture":"#1"},"south":{"uv":[3.6666667,12.166667,3.8333335,12.333334],"tintindex":0,"rotation":0,"texture":"#1"},"north":{"uv":[3.3333335,12.166667,3.5,12.333334],"tintindex":0,"rotation":0,"texture":"#1"},"west":{"uv":[3.8333335,12.166667,4.0,12.333334],"tintindex":0,"rotation":0,"texture":"#1"},"up":{"uv":[4.166667,12.333334,4.0,12.166667],"tintindex":0,"rotation":0,"texture":"#1"},"down":{"uv":[4.3333335,12.166667,4.166667,12.333334],"tintindex":0,"rotation":0,"texture":"#1"}}}],"display":{"gui":{"rotation":[-150.0,-45.0,180.0]}}}