{"textures":{"1":"modelengine:entity/erius","particle":"#1"},"elements":[{"from":[7.625,6.5999994,7.625],"to":[8.375,8.0,8.375],"faces":{"east":{"uv":[2.3333335,12.166667,2.5,12.333334],"tintindex":0,"rotation":0,"texture":"#1"},"south":{"uv":[12.166667,2.3333335,12.333334,2.5],"tintindex":0,"rotation":0,"texture":"#1"},"north":{"uv":[12.166667,2.1666667,12.333334,2.3333335],"tintindex":0,"rotation":0,"texture":"#1"},"west":{"uv":[2.5,12.166667,2.6666667,12.333334],"tintindex":0,"rotation":0,"texture":"#1"},"up":{"uv":[12.333334,2.6666667,12.166667,2.5],"tintindex":0,"rotation":0,"texture":"#1"},"down":{"uv":[12.333334,2.6666667,12.166667,2.8333335],"tintindex":0,"rotation":0,"texture":"#1"}}}],"display":{"gui":{"rotation":[-150.0,-45.0,180.0]}}}