{"textures":{"1":"modelengine:entity/erius","particle":"#1"},"elements":[{"from":[6.281826,5.25,5.0],"to":[9.781826,7.5,10.0],"faces":{"east":{"uv":[11.333334,9.166667,12.166667,9.5],"tintindex":0,"rotation":0,"texture":"#1"},"south":{"uv":[11.666667,3.5,12.333334,3.8333335],"tintindex":0,"rotation":0,"texture":"#1"},"north":{"uv":[11.666667,0.33333334,12.333334,0.6666667],"tintindex":0,"rotation":0,"texture":"#1"},"west":{"uv":[11.333334,9.5,12.166667,9.833334],"tintindex":0,"rotation":0,"texture":"#1"},"up":{"uv":[11.333334,5.8333335,10.666667,5.0],"tintindex":0,"rotation":0,"texture":"#1"},"down":{"uv":[6.0,10.833334,5.3333335,11.666667],"tintindex":0,"rotation":0,"texture":"#1"}}},{"from":[6.468174,7.5,7.0],"to":[9.468174,11.75,10.0],"faces":{"east":{"uv":[11.333334,4.8333335,11.833334,5.5],"tintindex":0,"rotation":0,"texture":"#1"},"south":{"uv":[11.333334,5.5,11.833334,6.166667],"tintindex":0,"rotation":0,"texture":"#1"},"north":{"uv":[11.333334,4.166667,11.833334,4.8333335],"tintindex":0,"rotation":0,"texture":"#1"},"west":{"uv":[11.333334,8.5,11.833334,9.166667],"tintindex":0,"rotation":0,"texture":"#1"},"up":{"uv":[12.0,2.1666667,11.5,1.6666667],"tintindex":0,"rotation":0,"texture":"#1"},"down":{"uv":[12.0,2.1666667,11.5,2.6666667],"tintindex":0,"rotation":0,"texture":"#1"}}}],"display":{"gui":{"rotation":[-150.0,-45.0,180.0]}}}