{"textures":{"3":"modelengine:entity/erius_staff","particle":"#3"},"elements":[{"from":[7.5,7.5,4.6499996],"to":[8.5,8.5,11.35],"faces":{"east":{"uv":[5.3333335,4.666667,9.666667,5.3333335],"tintindex":0,"rotation":0,"texture":"#3"},"south":{"uv":[11.333334,1.3333334,12.0,2.0],"tintindex":0,"rotation":0,"texture":"#3"},"north":{"uv":[10.666667,10.666667,11.333334,11.333334],"tintindex":0,"rotation":0,"texture":"#3"},"west":{"uv":[5.3333335,6.0,9.666667,6.666667],"tintindex":0,"rotation":0,"texture":"#3"},"up":{"uv":[6.0,11.0,5.3333335,6.666667],"tintindex":0,"rotation":0,"texture":"#3"},"down":{"uv":[6.666667,6.666667,6.0,11.0],"tintindex":0,"rotation":0,"texture":"#3"}}}],"display":{"gui":{"rotation":[-150.0,-45.0,180.0]}}}