{"textures":{"3":"modelengine:entity/erius_staff","particle":"#3"},"elements":[{"from":[7.5,7.5,5.25],"to":[8.5,8.5,9.0],"faces":{"east":{"uv":[10.0,3.3333335,12.666667,4.0],"tintindex":0,"rotation":0,"texture":"#3"},"south":{"uv":[11.333334,10.0,12.0,10.666667],"tintindex":0,"rotation":0,"texture":"#3"},"north":{"uv":[8.666667,11.333334,9.333334,12.0],"tintindex":0,"rotation":0,"texture":"#3"},"west":{"uv":[10.0,4.0,12.666667,4.666667],"tintindex":0,"rotation":0,"texture":"#3"},"up":{"uv":[4.666667,13.333334,4.0,10.666667],"tintindex":0,"rotation":0,"texture":"#3"},"down":{"uv":[5.3333335,10.666667,4.666667,13.333334],"tintindex":0,"rotation":0,"texture":"#3"}}}],"display":{"gui":{"rotation":[-150.0,-45.0,180.0]}}}