{"textures":{"3":"modelengine:entity/erius_staff","particle":"#3"},"elements":[{"from":[7.5,7.5,5.25],"to":[8.5,8.5,9.0],"faces":{"east":{"uv":[8.0,1.3333334,10.666667,2.0],"tintindex":0,"rotation":0,"texture":"#3"},"south":{"uv":[11.333334,6.666667,12.0,7.3333335],"tintindex":0,"rotation":0,"texture":"#3"},"north":{"uv":[6.0,11.333334,6.666667,12.0],"tintindex":0,"rotation":0,"texture":"#3"},"west":{"uv":[8.0,2.0,10.666667,2.6666667],"tintindex":0,"rotation":0,"texture":"#3"},"up":{"uv":[7.3333335,10.666667,6.666667,8.0],"tintindex":0,"rotation":0,"texture":"#3"},"down":{"uv":[8.0,8.0,7.3333335,10.666667],"tintindex":0,"rotation":0,"texture":"#3"}}}],"display":{"gui":{"rotation":[-150.0,-45.0,180.0]}}}