{"textures":{"3":"modelengine:entity/erius_staff","particle":"#3"},"elements":[{"from":[7.5,7.5,4.6499996],"to":[8.5,8.5,11.349998],"faces":{"east":{"uv":[8.0,0.0,12.333334,0.6666667],"tintindex":0,"rotation":0,"texture":"#3"},"south":{"uv":[3.3333335,11.333334,4.0,12.0],"tintindex":0,"rotation":0,"texture":"#3"},"north":{"uv":[11.333334,2.6666667,12.0,3.3333335],"tintindex":0,"rotation":0,"texture":"#3"},"west":{"uv":[8.0,0.6666667,12.333334,1.3333334],"tintindex":0,"rotation":0,"texture":"#3"},"up":{"uv":[2.0,12.333334,1.3333334,8.0],"tintindex":0,"rotation":0,"texture":"#3"},"down":{"uv":[2.6666667,8.0,2.0,12.333334],"tintindex":0,"rotation":0,"texture":"#3"}}}],"display":{"gui":{"rotation":[-150.0,-45.0,180.0]}}}