{"textures":{"3":"modelengine:entity/erius_staff","particle":"#3"},"elements":[{"from":[7.5,7.5,5.25],"to":[8.5,8.5,9.0],"faces":{"east":{"uv":[8.0,5.3333335,10.666667,6.0],"tintindex":0,"rotation":0,"texture":"#3"},"south":{"uv":[11.333334,7.3333335,12.0,8.0],"tintindex":0,"rotation":0,"texture":"#3"},"north":{"uv":[7.3333335,11.333334,8.0,12.0],"tintindex":0,"rotation":0,"texture":"#3"},"west":{"uv":[8.0,8.0,10.666667,8.666667],"tintindex":0,"rotation":0,"texture":"#3"},"up":{"uv":[8.666667,11.333334,8.0,8.666667],"tintindex":0,"rotation":0,"texture":"#3"},"down":{"uv":[9.333334,8.666667,8.666667,11.333334],"tintindex":0,"rotation":0,"texture":"#3"}}}],"display":{"gui":{"rotation":[-150.0,-45.0,180.0]}}}